data,time_start,time_stop,count_move,caps_num,size_rect,count_rect,screen
20200101,010101,010101,0,0.0,0,0,none
20200529,221254,224259,774,1789760.6666666667,2201.0,3,20200529-221254-224259.jpg
20200529,224304,231309,1104,1787786.0,1103.0,8,20200529-224304-231309.jpg
20200529,231314,234319,435,1790179.6666666667,1260.5,3,20200529-231314-234319.jpg
20200529,234324,000004,216,995634.3333333334,211.0,3,20200529-234324-000004.jpg
20200530,000009,003014,10,1787211.0,112.0,1,20200530-000009-003014.jpg
20200530,003019,010024,215,1788842.0,2707.5,7,20200530-003019-010024.jpg
20200530,010029,013034,145,1805280.3333333335,235.0,3,20200530-010029-013034.jpg
20200530,013039,020044,1748,1799544.3333333335,2065.5,6,20200530-013039-020044.jpg
